{"bytesRecebidos": 45.222968, "bytesEnviados": 19.440148, "pacotesRecebidos": 76443, "pacotesEnviados": 58068}