{"bytesRecebidos": 1321.809847, "bytesEnviados": 261.94349, "pacotesRecebidos": 1484467, "pacotesEnviados": 781898}